buildings,scenarios,full_sim_time,ism_time,speedup
10,50,900.0,18.49,48.67495943753381
50,50,4500.0,92.45,48.6749594375338
100,50,9000.0,184.9,48.6749594375338
500,50,45000.0,924.5,48.6749594375338
1000,50,90000.0,1849.0,48.6749594375338
1636,50,147240.0,3024.9640000000004,48.67495943753379
